{
  "comforts:sleeping_bag_light_gray": {
    "criteria": {
      "has_the_recipe": "2024-06-08 18:28:20 +0200"
    },
    "done": true
  },
  "apotheosis:affix/rare": {
    "criteria": {
      "sword": "2024-06-08 18:39:06 +0200"
    },
    "done": true
  },
  "incendium:technical/on_block": {
    "criteria": {
      "log_spam_fixer": "2024-06-08 18:28:21 +0200"
    },
    "done": false
  },
  "vinery:dark_oak_wine_rack_small": {
    "criteria": {
      "has_the_recipe": "2024-06-08 18:28:20 +0200"
    },
    "done": true
  },
  "vinery:birch_wine_rack_small": {
    "criteria": {
      "has_the_recipe": "2024-06-08 18:28:20 +0200"
    },
    "done": true
  },
  "comforts:hammock_cyan_from_white": {
    "criteria": {
      "has_the_recipe": "2024-06-08 18:28:20 +0200"
    },
    "done": true
  },
  "comforts:hammock_black": {
    "criteria": {
      "has_the_recipe": "2024-06-08 18:28:20 +0200"
    },
    "done": true
  },
  "comforts:sleeping_bag_light_blue": {
    "criteria": {
      "has_the_recipe": "2024-06-08 18:28:20 +0200"
    },
    "done": true
  },
  "comforts:sleeping_bag_lime": {
    "criteria": {
      "has_the_recipe": "2024-06-08 18:28:20 +0200"
    },
    "done": true
  },
  "vinery:window": {
    "criteria": {
      "has_the_recipe": "2024-06-08 18:28:20 +0200"
    },
    "done": true
  },
  "enigmaticlegacy:recipes/generic/magnet_ring": {
    "criteria": {
      "has_parent_recipe": "2024-06-09 14:19:04 +0200",
      "has_items": "2024-06-09 16:10:15 +0200"
    },
    "done": true
  },
  "twilightforest:fiery_set": {
    "criteria": {
      "fiery_chestplate": "2024-06-09 17:31:20 +0200",
      "fiery_leggings": "2024-06-09 17:30:08 +0200"
    },
    "done": false
  },
  "naturescompass:natures_compass": {
    "criteria": {
      "has_compass": "2024-06-08 18:28:20 +0200"
    },
    "done": true
  },
  "vinery:vinemaker_leggings": {
    "criteria": {
      "has_the_recipe": "2024-06-08 18:28:20 +0200"
    },
    "done": true
  },
  "comforts:sleeping_bag_lime_from_white": {
    "criteria": {
      "has_the_recipe": "2024-06-08 18:28:20 +0200"
    },
    "done": true
  },
  "vinery:big_table": {
    "criteria": {
      "has_the_recipe": "2024-06-08 18:28:20 +0200"
    },
    "done": true
  },
  "minecraft:nether/root": {
    "criteria": {
      "entered_nether": "2024-06-15 17:09:42 +0200"
    },
    "done": true
  },
  "vinery:cherry_pressure_plate": {
    "criteria": {
      "has_the_recipe": "2024-06-08 18:28:20 +0200"
    },
    "done": true
  },
  "vinery:loam": {
    "criteria": {
      "has_the_recipe": "2024-06-08 18:28:20 +0200"
    },
    "done": true
  },
  "vinery:cherry_fence": {
    "criteria": {
      "has_the_recipe": "2024-06-08 18:28:20 +0200"
    },
    "done": true
  },
  "vinery:basket": {
    "criteria": {
      "has_the_recipe": "2024-06-08 18:28:20 +0200"
    },
    "done": true
  },
  "enigmaticlegacy:recipes/generic/the_acknowledgment": {
    "criteria": {
      "has_iron_ingot": "2024-06-08 18:28:20 +0200"
    },
    "done": true
  },
  "vinery:straw_hat": {
    "criteria": {
      "has_the_recipe": "2024-06-08 18:28:20 +0200"
    },
    "done": true
  },
  "comforts:sleeping_bag_black": {
    "criteria": {
      "has_the_recipe": "2024-06-08 18:28:20 +0200"
    },
    "done": true
  },
  "enigmaticlegacy:recipes/generic/iron_ring": {
    "criteria": {
      "has_iron_ingot": "2024-06-09 14:19:04 +0200"
    },
    "done": true
  },
  "apotheosis:give_book": {
    "criteria": {
      "tick": "2024-06-08 18:28:21 +0200"
    },
    "done": true
  },
  "comforts:hammock_red_from_white": {
    "criteria": {
      "has_the_recipe": "2024-06-08 18:28:20 +0200"
    },
    "done": true
  },
  "comforts:hammock_yellow": {
    "criteria": {
      "has_the_recipe": "2024-06-08 18:28:20 +0200"
    },
    "done": true
  },
  "explorerscompass:explorers_compass_cobweb": {
    "criteria": {
      "has_cobweb": "2024-06-08 18:28:20 +0200"
    },
    "done": true
  },
  "enigmaticlegacy:recipes/generic/infernal_shield": {
    "criteria": {
      "has_parent_recipe": "2024-06-08 18:28:20 +0200"
    },
    "done": false
  },
  "lootr:1chest": {
    "criteria": {
      "opened_chest": "2024-06-08 18:39:04 +0200"
    },
    "done": true
  },
  "lootr:1cart": {
    "criteria": {
      "opened_cart": "2024-06-14 19:14:25 +0200"
    },
    "done": true
  },
  "comforts:hammock_pink_from_white": {
    "criteria": {
      "has_the_recipe": "2024-06-08 18:28:20 +0200"
    },
    "done": true
  },
  "vinery:oak_wine_rack_small": {
    "criteria": {
      "has_the_recipe": "2024-06-08 18:28:20 +0200"
    },
    "done": true
  },
  "apotheosis:affix/root": {
    "criteria": {
      "sword": "2024-06-08 18:29:55 +0200"
    },
    "done": true
  },
  "immersive_armors:recipes/misc/slime": {
    "criteria": {
      "has_item": "2024-06-09 17:31:34 +0200"
    },
    "done": true
  },
  "vinery:cherry_slab": {
    "criteria": {
      "has_the_recipe": "2024-06-08 18:28:20 +0200"
    },
    "done": true
  },
  "enigmaticlegacy:book/accessories/magnet_ring": {
    "criteria": {
      "has_the_recipe": "2024-06-09 16:10:15 +0200"
    },
    "done": true
  },
  "vinery:red_grape_crate": {
    "criteria": {
      "has_the_recipe": "2024-06-08 18:28:20 +0200"
    },
    "done": true
  },
  "apotheotic_additions:main/tower": {
    "criteria": {
      "enter_tower": "2024-06-08 18:36:42 +0200"
    },
    "done": true
  },
  "vinery:dark_oak_wine_rack_big": {
    "criteria": {
      "has_the_recipe": "2024-06-08 18:28:20 +0200"
    },
    "done": true
  },
  "vinery:wine_box": {
    "criteria": {
      "has_the_recipe": "2024-06-08 18:28:20 +0200"
    },
    "done": true
  },
  "mutantmonsters:root": {
    "criteria": {
      "killed_something": "2024-06-08 18:30:48 +0200"
    },
    "done": true
  },
  "comforts:hammock_purple": {
    "criteria": {
      "has_the_recipe": "2024-06-08 18:28:20 +0200"
    },
    "done": true
  },
  "minecraft:husbandry/balanced_diet": {
    "criteria": {
      "cooked_beef": "2024-06-09 17:28:09 +0200",
      "baked_potato": "2024-06-10 20:52:42 +0200",
      "porkchop": "2024-06-14 18:14:07 +0200",
      "bread": "2024-06-08 18:38:58 +0200",
      "golden_carrot": "2024-06-14 18:22:43 +0200"
    },
    "done": false
  },
  "enigmaticlegacy:book/misc/hunter_guidebook": {
    "criteria": {
      "has_the_recipe": "2024-06-09 16:06:37 +0200"
    },
    "done": true
  },
  "vinery:grapevine_lattice": {
    "criteria": {
      "has_the_recipe": "2024-06-08 18:28:20 +0200"
    },
    "done": true
  },
  "vinery:cherry_trapdoor": {
    "criteria": {
      "has_the_recipe": "2024-06-08 18:28:20 +0200"
    },
    "done": true
  },
  "vinery:mangrove_wine_rack_small": {
    "criteria": {
      "has_the_recipe": "2024-06-08 18:28:20 +0200"
    },
    "done": true
  },
  "comforts:hammock_lime": {
    "criteria": {
      "has_the_recipe": "2024-06-08 18:28:20 +0200"
    },
    "done": true
  },
  "comforts:sleeping_bag_pink": {
    "criteria": {
      "has_the_recipe": "2024-06-08 18:28:20 +0200"
    },
    "done": true
  },
  "iter_rpg:iter_root": {
    "criteria": {
      "iter_root": "2024-06-08 18:28:20 +0200"
    },
    "done": true
  },
  "naturescompass:natures_compass_sapling": {
    "criteria": {
      "has_recipe": "2024-06-08 18:28:20 +0200"
    },
    "done": true
  },
  "vinery:birch_wine_rack_big": {
    "criteria": {
      "has_the_recipe": "2024-06-08 18:28:20 +0200"
    },
    "done": true
  },
  "twilightforest:arborist": {
    "criteria": {
      "canopy_sapling": "2024-06-14 15:49:35 +0200"
    },
    "done": false
  },
  "comforts:sleeping_bag_light_blue_from_white": {
    "criteria": {
      "has_the_recipe": "2024-06-08 18:28:20 +0200"
    },
    "done": true
  },
  "enigmaticlegacy:book/materials/netherite": {
    "criteria": {
      "has_scrap": "2024-06-09 21:51:48 +0200"
    },
    "done": true
  },
  "dungeons_enhanced:ambitious_explorer": {
    "criteria": {
      "entered_large_dungeon": "2024-06-08 18:40:18 +0200",
      "entered_ruined_building": "2024-06-09 14:19:00 +0200"
    },
    "done": false
  },
  "incendium:technical/using/shield": {
    "criteria": {
      "requirement": "2024-06-08 18:55:06 +0200",
      "log_spam_fixer": "2024-06-08 18:28:21 +0200"
    },
    "done": true
  },
  "dungeons_arise:find_mushroom_house": {
    "criteria": {
      "location0": "2024-06-09 16:35:09 +0200"
    },
    "done": true
  },
  "comforts:hammock_magenta": {
    "criteria": {
      "has_the_recipe": "2024-06-08 18:28:20 +0200"
    },
    "done": true
  },
  "vinery:fermentation_barrel": {
    "criteria": {
      "has_the_recipe": "2024-06-08 18:28:20 +0200"
    },
    "done": true
  },
  "enigmaticlegacy:recipes/generic/hunter_guidebook": {
    "criteria": {
      "has_items": "2024-06-09 16:06:37 +0200"
    },
    "done": true
  },
  "minecraft:nether/get_wither_skull": {
    "criteria": {
      "wither_skull": "2024-06-09 21:51:51 +0200"
    },
    "done": true
  },
  "enigmaticlegacy:book/accessories/golden_ring": {
    "criteria": {
      "has_the_recipe": "2024-06-09 16:36:09 +0200"
    },
    "done": true
  },
  "comforts:sleeping_bag_red": {
    "criteria": {
      "has_the_recipe": "2024-06-08 18:28:20 +0200"
    },
    "done": true
  },
  "incendium:technical/using/trailblazer": {
    "criteria": {
      "log_spam_fixer": "2024-06-08 18:28:21 +0200"
    },
    "done": false
  },
  "enigmaticlegacy:recipes/generic/desolation_ring": {
    "criteria": {
      "has_parent_recipe": "2024-06-09 16:36:09 +0200"
    },
    "done": false
  },
  "takesapillage:root": {
    "criteria": {
      "always": "2024-06-08 18:28:21 +0200"
    },
    "done": true
  },
  "incendium:technical/scroll_of_returning": {
    "criteria": {
      "log_spam_fixer": "2024-06-08 18:28:21 +0200"
    },
    "done": false
  },
  "minecraft:story/obtain_armor": {
    "criteria": {
      "iron_helmet": "2024-06-09 16:28:49 +0200"
    },
    "done": true
  },
  "enigmaticlegacy:book/misc/lore_inscriber": {
    "criteria": {
      "has_the_recipe": "2024-06-14 18:19:32 +0200"
    },
    "done": true
  },
  "comforts:sleeping_bag_blue": {
    "criteria": {
      "has_the_recipe": "2024-06-08 18:28:20 +0200"
    },
    "done": true
  },
  "vinery:spruce_wine_rack_big": {
    "criteria": {
      "has_the_recipe": "2024-06-08 18:28:20 +0200"
    },
    "done": true
  },
  "minecraft:story/mine_stone": {
    "criteria": {
      "get_stone": "2024-06-08 18:34:02 +0200"
    },
    "done": true
  },
  "enigmaticlegacy:book/accessories/iron_ring": {
    "criteria": {
      "has_the_recipe": "2024-06-09 14:19:04 +0200"
    },
    "done": true
  },
  "undead_unleashed:shards_of_the_past": {
    "criteria": {
      "shards_of_the_past": "2024-06-08 18:44:30 +0200"
    },
    "done": true
  },
  "morevillagers:root": {
    "criteria": {
      "always": "2024-06-08 18:28:21 +0200"
    },
    "done": true
  },
  "apotheosis:affix/epic": {
    "criteria": {
      "sword": "2024-06-09 17:33:39 +0200"
    },
    "done": true
  },
  "enigmaticlegacy:book/brewing/haste_potion": {
    "criteria": {
      "has_items": "2024-06-15 17:34:25 +0200"
    },
    "done": true
  },
  "vinery:loam_stairs": {
    "criteria": {
      "has_the_recipe": "2024-06-08 18:28:20 +0200"
    },
    "done": true
  },
  "minecraft:adventure/sleep_in_bed": {
    "criteria": {
      "slept_in_bed": "2024-06-08 18:38:15 +0200"
    },
    "done": true
  },
  "ars_nouveau:root": {
    "criteria": {
      "ars_nouveau:worn_notebook": "2024-06-08 18:28:20 +0200"
    },
    "done": true
  },
  "minecraft:story/lava_bucket": {
    "criteria": {
      "lava_bucket": "2024-06-15 17:28:06 +0200"
    },
    "done": true
  },
  "vinery:jungle_wine_rack_small": {
    "criteria": {
      "has_the_recipe": "2024-06-08 18:28:20 +0200"
    },
    "done": true
  },
  "comforts:sleeping_bag_orange": {
    "criteria": {
      "has_the_recipe": "2024-06-08 18:28:20 +0200"
    },
    "done": true
  },
  "minecraft:husbandry/root": {
    "criteria": {
      "consumed_item": "2024-06-08 18:38:58 +0200"
    },
    "done": true
  },
  "apotheosis:affix/chests": {
    "criteria": {
      "sword": "2024-06-08 18:39:06 +0200"
    },
    "done": true
  },
  "lootr:10loot": {
    "criteria": {
      "loot_stat": "2024-06-08 18:56:33 +0200"
    },
    "done": true
  },
  "dungeons_enhanced:thats_a_dungeon": {
    "criteria": {
      "entered_large_dungeon": "2024-06-08 18:40:18 +0200"
    },
    "done": true
  },
  "incendium:technical/inventory/firestorm": {
    "criteria": {
      "log_spam_fixer": "2024-06-08 18:28:21 +0200"
    },
    "done": false
  },
  "vinery:flower_box": {
    "criteria": {
      "has_the_recipe": "2024-06-08 18:28:20 +0200"
    },
    "done": true
  },
  "majruszsdifficulty:creeperling": {
    "criteria": {
      "encountered_creeperling": "2024-06-09 17:28:42 +0200"
    },
    "done": true
  },
  "minecraft:adventure/root": {
    "criteria": {
      "killed_something": "2024-06-08 18:30:48 +0200"
    },
    "done": true
  },
  "apotheosis:affix/random": {
    "criteria": {
      "sword": "2024-06-08 18:52:33 +0200"
    },
    "done": true
  },
  "enigmaticlegacy:recipes/generic/ender_ring": {
    "criteria": {
      "has_parent_recipe": "2024-06-09 14:19:04 +0200"
    },
    "done": false
  },
  "dungeons_arise:find_infested_temple": {
    "criteria": {
      "location0": "2024-06-09 16:06:16 +0200"
    },
    "done": true
  },
  "comforts:hammock_red": {
    "criteria": {
      "has_the_recipe": "2024-06-08 18:28:20 +0200"
    },
    "done": true
  },
  "lootr:social": {
    "criteria": {
      "opened_barrel": "2024-06-08 18:31:09 +0200",
      "opened_chest": "2024-06-08 18:39:04 +0200",
      "opened_cart": "2024-06-14 19:14:25 +0200"
    },
    "done": false
  },
  "vinery:cherry_door": {
    "criteria": {
      "has_the_recipe": "2024-06-08 18:28:20 +0200"
    },
    "done": true
  },
  "farmersdelight:main/root": {
    "criteria": {
      "seeds": "2024-06-08 18:28:20 +0200"
    },
    "done": true
  },
  "comforts:hammock_black_from_white": {
    "criteria": {
      "has_the_recipe": "2024-06-08 18:28:20 +0200"
    },
    "done": true
  },
  "vinery:wine_rack_3": {
    "criteria": {
      "has_the_recipe": "2024-06-08 18:28:20 +0200"
    },
    "done": true
  },
  "vinery:wine_rack_5": {
    "criteria": {
      "has_the_recipe": "2024-06-08 18:28:20 +0200"
    },
    "done": true
  },
  "comforts:hammock_gray_from_white": {
    "criteria": {
      "has_the_recipe": "2024-06-08 18:28:20 +0200"
    },
    "done": true
  },
  "vinery:white_grape_crate": {
    "criteria": {
      "has_the_recipe": "2024-06-08 18:28:20 +0200"
    },
    "done": true
  },
  "minecraft:adventure/kill_all_mobs": {
    "criteria": {
      "minecraft:pillager": "2024-06-09 16:36:51 +0200",
      "minecraft:skeleton": "2024-06-08 18:41:39 +0200",
      "minecraft:vindicator": "2024-06-09 16:28:59 +0200",
      "minecraft:spider": "2024-06-09 16:58:37 +0200",
      "minecraft:creeper": "2024-06-09 14:22:20 +0200",
      "quark:forgotten": "2024-06-09 17:31:03 +0200",
      "minecraft:witch": "2024-06-08 18:30:48 +0200",
      "minecraft:wither_skeleton": "2024-06-14 18:09:54 +0200",
      "minecraft:husk": "2024-06-10 20:40:44 +0200",
      "minecraft:cave_spider": "2024-06-09 16:08:35 +0200",
      "minecraft:stray": "2024-06-14 16:16:56 +0200",
      "minecraft:vex": "2024-06-15 17:02:14 +0200",
      "minecraft:zombie": "2024-06-09 02:43:22 +0200"
    },
    "done": false
  },
  "minecraft:adventure/lightning_rod_with_villager_no_fire": {
    "criteria": {
      "lightning_rod_with_villager_no_fire": "2024-06-14 19:11:39 +0200"
    },
    "done": true
  },
  "minecraft:story/enter_the_nether": {
    "criteria": {
      "entered_nether": "2024-06-15 17:09:42 +0200"
    },
    "done": true
  },
  "incendium:technical/sentrys_wrath": {
    "criteria": {
      "log_spam_fixer": "2024-06-08 18:28:21 +0200"
    },
    "done": false
  },
  "enigmaticlegacy:book/brewing/molten_heart_potion": {
    "criteria": {
      "has_items": "2024-06-15 17:44:51 +0200"
    },
    "done": true
  },
  "vinery:shelf": {
    "criteria": {
      "has_the_recipe": "2024-06-08 18:28:20 +0200"
    },
    "done": true
  },
  "vinery:cherry_floorboard": {
    "criteria": {
      "has_the_recipe": "2024-06-08 18:28:20 +0200"
    },
    "done": true
  },
  "comforts:hammock_lime_from_white": {
    "criteria": {
      "has_the_recipe": "2024-06-08 18:28:20 +0200"
    },
    "done": true
  },
  "vinery:wine_rack_1": {
    "criteria": {
      "has_the_recipe": "2024-06-08 18:28:20 +0200"
    },
    "done": true
  },
  "vinery:cherry_sign": {
    "criteria": {
      "has_the_recipe": "2024-06-08 18:28:20 +0200"
    },
    "done": true
  },
  "vinery:wine_rack_2": {
    "criteria": {
      "has_the_recipe": "2024-06-08 18:28:20 +0200"
    },
    "done": true
  },
  "comforts:hammock_orange_from_white": {
    "criteria": {
      "has_the_recipe": "2024-06-08 18:28:20 +0200"
    },
    "done": true
  },
  "twilightforest:root": {
    "criteria": {
      "make_portal": "2024-06-09 17:03:13 +0200"
    },
    "done": true
  },
  "morevillagers:all_workstations_get": {
    "criteria": {
      "fletchingtable": "2024-06-15 17:44:07 +0200",
      "lectern": "2024-06-09 22:30:00 +0200"
    },
    "done": false
  },
  "enigmaticlegacy:book/materials/ancient_debris": {
    "criteria": {
      "has_scrap": "2024-06-09 21:51:48 +0200"
    },
    "done": true
  },
  "comforts:sleeping_bag_light_gray_from_white": {
    "criteria": {
      "has_the_recipe": "2024-06-08 18:28:20 +0200"
    },
    "done": true
  },
  "totw_modded:root": {
    "criteria": {
      "sample_trigger": "2024-06-08 18:28:20 +0200"
    },
    "done": true
  },
  "betterdeserttemples:root": {
    "criteria": {
      "always": "2024-06-08 18:28:21 +0200"
    },
    "done": true
  },
  "naturescompass:natures_compass_log": {
    "criteria": {
      "has_recipe": "2024-06-08 18:28:20 +0200"
    },
    "done": true
  },
  "incendium:technical/feed_ghastling": {
    "criteria": {
      "log_spam_fixer": "2024-06-08 18:28:21 +0200"
    },
    "done": false
  },
  "lootr:25loot": {
    "criteria": {
      "loot_stat": "2024-06-09 16:28:24 +0200"
    },
    "done": true
  },
  "minecraft:story/mine_diamond": {
    "criteria": {
      "diamond": "2024-06-09 16:10:15 +0200"
    },
    "done": true
  },
  "minecraft:story/upgrade_tools": {
    "criteria": {
      "stone_pickaxe": "2024-06-08 18:34:27 +0200"
    },
    "done": true
  },
  "vinery:wine_press": {
    "criteria": {
      "has_the_recipe": "2024-06-08 18:28:20 +0200"
    },
    "done": true
  },
  "aquamirae:recipes/fin": {
    "criteria": {
      "has_item": "2024-06-09 02:52:24 +0200"
    },
    "done": true
  },
  "twilightforest:twilight_hunter": {
    "criteria": {
      "redcap": "2024-06-09 17:27:48 +0200"
    },
    "done": true
  },
  "comforts:hammock_blue": {
    "criteria": {
      "has_the_recipe": "2024-06-08 18:28:20 +0200"
    },
    "done": true
  },
  "comforts:hammock_gray": {
    "criteria": {
      "has_the_recipe": "2024-06-08 18:28:20 +0200"
    },
    "done": true
  },
  "alexsmobs:alexsmobs/crimson_mosquito": {
    "criteria": {
      "killed_by": "2024-06-15 17:19:08 +0200"
    },
    "done": true
  },
  "lootr:1barrel": {
    "criteria": {
      "opened_barrel": "2024-06-08 18:31:09 +0200"
    },
    "done": true
  },
  "majruszsaccessories:dream_catcher": {
    "criteria": {
      "picked_up_accessory": "2024-06-08 18:50:34 +0200"
    },
    "done": true
  },
  "immersive_armors:recipes/misc/wooden": {
    "criteria": {
      "has_item": "2024-06-08 18:33:23 +0200"
    },
    "done": true
  },
  "incendium:technical/on_inventory_change": {
    "criteria": {
      "log_spam_fixer": "2024-06-08 18:28:21 +0200"
    },
    "done": false
  },
  "enigmaticlegacy:recipes/generic/the_twist": {
    "criteria": {
      "has_parent_recipe": "2024-06-08 18:28:20 +0200"
    },
    "done": false
  },
  "enigmaticlegacy:recipes/generic/xp_scroll": {
    "criteria": {
      "has_items": "2024-06-09 16:37:49 +0200"
    },
    "done": false
  },
  "majruszsdifficulty:game_stage_normal": {
    "criteria": {
      "is_triggered": "2024-06-08 18:28:21 +0200"
    },
    "done": true
  },
  "vinery:flower_pot": {
    "criteria": {
      "has_the_recipe": "2024-06-08 18:28:20 +0200"
    },
    "done": true
  },
  "cisco_mod:adventurer_ad": {
    "criteria": {
      "adventurer_ad": "2024-06-09 17:19:08 +0200"
    },
    "done": true
  },
  "vinery:cherry_chest_boat": {
    "criteria": {
      "has_the_recipe": "2024-06-08 18:28:20 +0200"
    },
    "done": true
  },
  "comforts:hammock_white": {
    "criteria": {
      "has_the_recipe": "2024-06-08 18:28:20 +0200"
    },
    "done": true
  },
  "farmersdelight:main/master_chef": {
    "criteria": {
      "bacon_and_eggs": "2024-06-09 17:30:15 +0200"
    },
    "done": false
  },
  "farmersdelight:main/plant_all_crops": {
    "criteria": {
      "potato": "2024-06-09 15:10:05 +0200"
    },
    "done": false
  },
  "comforts:sleeping_bag_green_from_white": {
    "criteria": {
      "has_the_recipe": "2024-06-08 18:28:20 +0200"
    },
    "done": true
  },
  "alexsmobs:alexsmobs/straddler": {
    "criteria": {
      "killed_by": "2024-06-15 17:17:25 +0200"
    },
    "done": true
  },
  "dungeons_enhanced:root": {
    "criteria": {
      "entered_large_dungeon": "2024-06-08 18:40:18 +0200"
    },
    "done": true
  },
  "vinery:spruce_wine_rack_small": {
    "criteria": {
      "has_the_recipe": "2024-06-08 18:28:20 +0200"
    },
    "done": true
  },
  "comforts:sleeping_bag_black_from_white": {
    "criteria": {
      "has_the_recipe": "2024-06-08 18:28:20 +0200"
    },
    "done": true
  },
  "vinery:grapevine_stem": {
    "criteria": {
      "has_the_recipe": "2024-06-08 18:28:20 +0200"
    },
    "done": true
  },
  "bygonenether:root": {
    "criteria": {
      "entered_nether": "2024-06-15 17:09:42 +0200"
    },
    "done": true
  },
  "comforts:hammock_light_blue_from_white": {
    "criteria": {
      "has_the_recipe": "2024-06-08 18:28:20 +0200"
    },
    "done": true
  },
  "vinery:stackable_log": {
    "criteria": {
      "has_the_recipe": "2024-06-08 18:28:20 +0200"
    },
    "done": true
  },
  "vinery:vinemaker_boots": {
    "criteria": {
      "has_the_recipe": "2024-06-08 18:28:20 +0200"
    },
    "done": true
  },
  "aquamirae:adventure/root": {
    "criteria": {
      "crafting_table": "2024-06-08 18:33:48 +0200"
    },
    "done": true
  },
  "simplyswords:grant_book_on_first_join": {
    "criteria": {
      "tick": "2024-06-08 18:28:21 +0200"
    },
    "done": true
  },
  "vinery:dirt_slab": {
    "criteria": {
      "has_the_recipe": "2024-06-08 18:28:20 +0200"
    },
    "done": true
  },
  "vinery:cherry_stairs": {
    "criteria": {
      "has_the_recipe": "2024-06-08 18:28:20 +0200"
    },
    "done": true
  },
  "incendium:technical/inventory/sentrys_wrath": {
    "criteria": {
      "log_spam_fixer": "2024-06-08 18:28:21 +0200"
    },
    "done": false
  },
  "vinery:grass_slab": {
    "criteria": {
      "has_the_recipe": "2024-06-08 18:28:20 +0200"
    },
    "done": true
  },
  "apotheosis:affix/boss": {
    "criteria": {
      "sword": "2024-06-09 02:52:24 +0200"
    },
    "done": true
  },
  "enigmaticlegacy:main/lore_inscriber": {
    "criteria": {
      "etherium": "2024-06-14 18:19:33 +0200"
    },
    "done": true
  },
  "mowziesmobs:root": {
    "criteria": {
      "custom_test_name": "2024-06-08 18:28:21 +0200"
    },
    "done": true
  },
  "comforts:hammock_cyan": {
    "criteria": {
      "has_the_recipe": "2024-06-08 18:28:20 +0200"
    },
    "done": true
  },
  "aquamirae:adventure/obtain_fin": {
    "criteria": {
      "fin": "2024-06-09 02:52:24 +0200"
    },
    "done": true
  },
  "comforts:sleeping_bag_purple": {
    "criteria": {
      "has_the_recipe": "2024-06-08 18:28:20 +0200"
    },
    "done": true
  },
  "minecraft:story/deflect_arrow": {
    "criteria": {
      "deflected_projectile": "2024-06-08 19:13:19 +0200"
    },
    "done": true
  },
  "quark:get_all_corundum": {
    "criteria": {
      "white": "2024-06-09 14:18:29 +0200"
    },
    "done": false
  },
  "comforts:sleeping_bag_purple_from_white": {
    "criteria": {
      "has_the_recipe": "2024-06-08 18:28:20 +0200"
    },
    "done": true
  },
  "enigmaticlegacy:recipes/generic/golden_ring": {
    "criteria": {
      "has_parent_recipe": "2024-06-09 14:19:04 +0200",
      "has_items": "2024-06-09 16:36:09 +0200"
    },
    "done": true
  },
  "comforts:sleeping_bag_yellow": {
    "criteria": {
      "has_the_recipe": "2024-06-08 18:28:20 +0200"
    },
    "done": true
  },
  "cataclysm:root": {
    "criteria": {
      "custom_test_name": "2024-06-08 18:28:21 +0200"
    },
    "done": true
  },
  "immersive_armors:recipes/misc/bone": {
    "criteria": {
      "has_item": "2024-06-08 18:44:30 +0200"
    },
    "done": true
  },
  "irons_spellbooks:grant_patchouli": {
    "criteria": {
      "tick": "2024-06-08 18:28:21 +0200"
    },
    "done": true
  },
  "comforts:hammock_light_gray": {
    "criteria": {
      "has_the_recipe": "2024-06-08 18:28:20 +0200"
    },
    "done": true
  },
  "majruszsdifficulty:game_stage_expert": {
    "criteria": {
      "is_triggered": "2024-06-09 17:03:20 +0200"
    },
    "done": true
  },
  "vinery:acacia_wine_rack_small": {
    "criteria": {
      "has_the_recipe": "2024-06-08 18:28:20 +0200"
    },
    "done": true
  },
  "comforts:sleeping_bag_orange_from_white": {
    "criteria": {
      "has_the_recipe": "2024-06-08 18:28:20 +0200"
    },
    "done": true
  },
  "comforts:hammock_yellow_from_white": {
    "criteria": {
      "has_the_recipe": "2024-06-08 18:28:20 +0200"
    },
    "done": true
  },
  "vinery:cherry_boat": {
    "criteria": {
      "has_the_recipe": "2024-06-08 18:28:20 +0200"
    },
    "done": true
  },
  "enigmaticlegacy:recipes/generic/super_magnet_ring": {
    "criteria": {
      "has_parent_recipe": "2024-06-09 16:10:15 +0200"
    },
    "done": false
  },
  "comforts:sleeping_bag_blue_from_white": {
    "criteria": {
      "has_the_recipe": "2024-06-08 18:28:20 +0200"
    },
    "done": true
  },
  "vinery:mangrove_wine_rack_big": {
    "criteria": {
      "has_the_recipe": "2024-06-08 18:28:20 +0200"
    },
    "done": true
  },
  "vinery:wine_bottle": {
    "criteria": {
      "has_the_recipe": "2024-06-08 18:28:20 +0200"
    },
    "done": true
  },
  "apotheosis:affix/gem": {
    "criteria": {
      "gem": "2024-06-09 03:01:27 +0200"
    },
    "done": true
  },
  "comforts:sleeping_bag_green": {
    "criteria": {
      "has_the_recipe": "2024-06-08 18:28:20 +0200"
    },
    "done": true
  },
  "comforts:sleeping_bag_brown_from_white": {
    "criteria": {
      "has_the_recipe": "2024-06-08 18:28:20 +0200"
    },
    "done": true
  },
  "undead_unleashed:boo": {
    "criteria": {
      "boo": "2024-06-09 14:58:17 +0200"
    },
    "done": true
  },
  "minecraft:story/iron_tools": {
    "criteria": {
      "iron_pickaxe": "2024-06-09 17:26:06 +0200"
    },
    "done": true
  },
  "comforts:sleeping_bag_white": {
    "criteria": {
      "has_the_recipe": "2024-06-08 18:28:20 +0200"
    },
    "done": true
  },
  "comforts:hammock_light_gray_from_white": {
    "criteria": {
      "has_the_recipe": "2024-06-08 18:28:20 +0200"
    },
    "done": true
  },
  "comforts:sleeping_bag_brown": {
    "criteria": {
      "has_the_recipe": "2024-06-08 18:28:20 +0200"
    },
    "done": true
  },
  "comforts:sleeping_bag_gray": {
    "criteria": {
      "has_the_recipe": "2024-06-08 18:28:20 +0200"
    },
    "done": true
  },
  "simplyswords:the_watcher": {
    "criteria": {
      "requirement": "2024-06-09 16:28:26 +0200"
    },
    "done": true
  },
  "minecraft:story/root": {
    "criteria": {
      "crafting_table": "2024-06-08 18:33:48 +0200"
    },
    "done": true
  },
  "comforts:hammock_light_blue": {
    "criteria": {
      "has_the_recipe": "2024-06-08 18:28:20 +0200"
    },
    "done": true
  },
  "minecraft:story/form_obsidian": {
    "criteria": {
      "obsidian": "2024-06-09 22:36:06 +0200"
    },
    "done": true
  },
  "comforts:rope_and_nail": {
    "criteria": {
      "has_the_recipe": "2024-06-08 18:28:20 +0200"
    },
    "done": true
  },
  "vinery:acacia_wine_rack_big": {
    "criteria": {
      "has_the_recipe": "2024-06-08 18:28:20 +0200"
    },
    "done": true
  },
  "vinery:jungle_wine_rack_big": {
    "criteria": {
      "has_the_recipe": "2024-06-08 18:28:20 +0200"
    },
    "done": true
  },
  "vinery:loam_slab": {
    "criteria": {
      "has_the_recipe": "2024-06-08 18:28:20 +0200"
    },
    "done": true
  },
  "vinery:cherry_planks": {
    "criteria": {
      "has_the_recipe": "2024-06-08 18:28:20 +0200"
    },
    "done": true
  },
  "betterdungeons:root": {
    "criteria": {
      "always": "2024-06-08 18:28:21 +0200"
    },
    "done": true
  },
  "vinery:stripped_cherry_wood": {
    "criteria": {
      "has_the_recipe": "2024-06-08 18:28:20 +0200"
    },
    "done": true
  },
  "explorerscompass:explorers_compass_cracked_stone_bricks": {
    "criteria": {
      "has_recipe": "2024-06-08 18:28:20 +0200",
      "has_cracked_stone_bricks": "2024-06-08 18:28:20 +0200"
    },
    "done": true
  },
  "comforts:sleeping_bag_red_from_white": {
    "criteria": {
      "has_the_recipe": "2024-06-08 18:28:20 +0200"
    },
    "done": true
  },
  "lootr:root": {
    "criteria": {
      "always_true": "2024-06-08 18:28:21 +0200"
    },
    "done": true
  },
  "minecraft:adventure/kill_a_mob": {
    "criteria": {
      "minecraft:witch": "2024-06-08 18:30:48 +0200"
    },
    "done": true
  },
  "incendium:technical/multiplex_crossbow": {
    "criteria": {
      "log_spam_fixer": "2024-06-08 18:28:21 +0200"
    },
    "done": false
  },
  "comforts:sleeping_bag_magenta_from_white": {
    "criteria": {
      "has_the_recipe": "2024-06-08 18:28:20 +0200"
    },
    "done": true
  },
  "byg:root": {
    "criteria": {
      "tick": "2024-06-08 18:28:21 +0200"
    },
    "done": true
  },
  "comforts:hammock_magenta_from_white": {
    "criteria": {
      "has_the_recipe": "2024-06-08 18:28:20 +0200"
    },
    "done": true
  },
  "byg:adventure/oh_the_biomes_youll_go": {
    "criteria": {
      "byg:coconino_meadow": "2024-06-08 18:40:03 +0200",
      "byg:quartz_desert": "2024-06-15 17:11:04 +0200",
      "byg:wailing_garth": "2024-06-15 17:14:15 +0200",
      "byg:autumnal_valley": "2024-06-08 18:38:10 +0200",
      "byg:skyris_vale": "2024-06-09 17:00:55 +0200",
      "byg:crimson_gardens": "2024-06-15 17:10:04 +0200",
      "byg:maple_taiga": "2024-06-09 16:58:10 +0200"
    },
    "done": false
  },
  "comforts:hammock_brown_from_white": {
    "criteria": {
      "has_the_recipe": "2024-06-08 18:28:20 +0200"
    },
    "done": true
  },
  "minecraft:nether/obtain_blaze_rod": {
    "criteria": {
      "blaze_rod": "2024-06-15 17:44:51 +0200"
    },
    "done": true
  },
  "vinery:vinemaker_apron": {
    "criteria": {
      "has_the_recipe": "2024-06-08 18:28:20 +0200"
    },
    "done": true
  },
  "incendium:technical/firestorm": {
    "criteria": {
      "log_spam_fixer": "2024-06-08 18:28:21 +0200"
    },
    "done": false
  },
  "enigmaticlegacy:book/accessories/insignia": {
    "criteria": {
      "has_the_recipe": "2024-06-09 14:56:22 +0200"
    },
    "done": true
  },
  "quark:get_forgotten_hat": {
    "criteria": {
      "get_forgotten_hat": "2024-06-09 17:31:05 +0200"
    },
    "done": true
  },
  "minecraft:adventure/adventuring_time": {
    "criteria": {
      "minecraft:taiga": "2024-06-08 18:30:15 +0200",
      "minecraft:river": "2024-06-08 18:35:52 +0200",
      "minecraft:dripstone_caves": "2024-06-09 14:12:34 +0200",
      "minecraft:swamp": "2024-06-09 14:19:32 +0200",
      "minecraft:forest": "2024-06-08 18:30:22 +0200",
      "minecraft:meadow": "2024-06-08 18:28:21 +0200",
      "minecraft:windswept_gravelly_hills": "2024-06-08 18:53:49 +0200",
      "minecraft:plains": "2024-06-08 18:36:30 +0200"
    },
    "done": false
  },
  "byg:husbandry/root": {
    "criteria": {
      "consumed_item": "2024-06-08 18:38:58 +0200"
    },
    "done": true
  },
  "comforts:hammock_blue_from_white": {
    "criteria": {
      "has_the_recipe": "2024-06-08 18:28:20 +0200"
    },
    "done": true
  },
  "comforts:sleeping_bag_gray_from_white": {
    "criteria": {
      "has_the_recipe": "2024-06-08 18:28:20 +0200"
    },
    "done": true
  },
  "undead_unleashed:undead_unleashed": {
    "criteria": {
      "undead_unleashed": "2024-06-08 18:28:20 +0200"
    },
    "done": true
  },
  "enigmaticlegacy:recipes/generic/insignia": {
    "criteria": {
      "has_iron_ingot": "2024-06-09 14:56:22 +0200"
    },
    "done": true
  },
  "incendium:technical/using/ragnarok": {
    "criteria": {
      "log_spam_fixer": "2024-06-08 18:28:21 +0200"
    },
    "done": false
  },
  "repurposed_structures:outposts": {
    "criteria": {
      "in_outpost_oak": "2024-06-09 16:28:19 +0200"
    },
    "done": false
  },
  "comforts:sleeping_bag_cyan": {
    "criteria": {
      "has_the_recipe": "2024-06-08 18:28:20 +0200"
    },
    "done": true
  },
  "dungeons_plus:adventure/find_tower": {
    "criteria": {
      "in_structure": "2024-06-15 16:56:42 +0200"
    },
    "done": true
  },
  "apotheosis:enchanting/bookshelf": {
    "criteria": {
      "bookshelf": "2024-06-15 17:54:23 +0200"
    },
    "done": true
  },
  "incendium:technical/new_player": {
    "criteria": {
      "requirement": "2024-06-08 18:28:21 +0200"
    },
    "done": true
  },
  "majruszsaccessories:tool_scraps": {
    "criteria": {
      "picked_up_accessory": "2024-06-09 14:02:51 +0200"
    },
    "done": true
  },
  "comforts:hammock_purple_from_white": {
    "criteria": {
      "has_the_recipe": "2024-06-08 18:28:20 +0200"
    },
    "done": true
  },
  "vinery:oak_wine_rack_big": {
    "criteria": {
      "has_the_recipe": "2024-06-08 18:28:20 +0200"
    },
    "done": true
  },
  "incendium:technical/holy_wrath": {
    "criteria": {
      "log_spam_fixer": "2024-06-08 18:28:21 +0200"
    },
    "done": false
  },
  "immersive_paintings:misc/graffiti": {
    "criteria": {
      "has_item": "2024-06-09 15:06:33 +0200"
    },
    "done": true
  },
  "explorerscompass:explorers_compass": {
    "criteria": {
      "has_recipe": "2024-06-08 18:28:20 +0200",
      "has_compass": "2024-06-08 18:28:20 +0200"
    },
    "done": true
  },
  "ironfurnaces:coal": {
    "criteria": {
      "rainbowcoal": "2024-06-08 18:28:20 +0200"
    },
    "done": true
  },
  "comforts:sleeping_bag_pink_from_white": {
    "criteria": {
      "has_the_recipe": "2024-06-08 18:28:20 +0200"
    },
    "done": true
  },
  "minecraft:adventure/shoot_arrow": {
    "criteria": {
      "shot_arrow": "2024-06-14 16:17:13 +0200"
    },
    "done": true
  },
  "enigmaticlegacy:recipes/generic/lore_inscriber": {
    "criteria": {
      "has_recipe_result": "2024-06-14 18:19:32 +0200"
    },
    "done": true
  },
  "incendium:technical/give_ghastling": {
    "criteria": {
      "log_spam_fixer": "2024-06-08 18:28:21 +0200"
    },
    "done": false
  },
  "comforts:sleeping_bag_yellow_from_white": {
    "criteria": {
      "has_the_recipe": "2024-06-08 18:28:20 +0200"
    },
    "done": true
  },
  "incendium:technical/on_kill": {
    "criteria": {
      "log_spam_fixer": "2024-06-08 18:28:21 +0200"
    },
    "done": false
  },
  "vinery:cherry_wood": {
    "criteria": {
      "has_the_recipe": "2024-06-08 18:28:20 +0200"
    },
    "done": true
  },
  "incendium:technical/on_player_hurt": {
    "criteria": {
      "requirement": "2024-06-08 18:30:02 +0200",
      "log_spam_fixer": "2024-06-08 18:28:21 +0200"
    },
    "done": true
  },
  "enigmaticlegacy:book/misc/animal_guidebook": {
    "criteria": {
      "has_the_recipe": "2024-06-09 22:52:32 +0200"
    },
    "done": true
  },
  "majruszsdifficulty:kill_yourself": {
    "criteria": {
      "kill_yourself": "2024-06-09 21:48:47 +0200"
    },
    "done": true
  },
  "vinery:cherry_button": {
    "criteria": {
      "has_the_recipe": "2024-06-08 18:28:20 +0200"
    },
    "done": true
  },
  "dungeons_arise:wda_root": {
    "criteria": {
      "WDA": "2024-06-08 18:28:21 +0200"
    },
    "done": true
  },
  "vinery:coarse_dirt_slab": {
    "criteria": {
      "has_the_recipe": "2024-06-08 18:28:20 +0200"
    },
    "done": true
  },
  "vinery:campfire": {
    "criteria": {
      "has_the_recipe": "2024-06-08 18:28:20 +0200"
    },
    "done": true
  },
  "immersive_armors:recipes/misc/robe": {
    "criteria": {
      "has_item": "2024-06-14 15:52:49 +0200"
    },
    "done": true
  },
  "comforts:hammock_green_from_white": {
    "criteria": {
      "has_the_recipe": "2024-06-08 18:28:20 +0200"
    },
    "done": true
  },
  "comforts:hammock_orange": {
    "criteria": {
      "has_the_recipe": "2024-06-08 18:28:20 +0200"
    },
    "done": true
  },
  "farmersdelight:main/eat_nourishing_food": {
    "criteria": {
      "nourishment": "2024-06-09 17:30:15 +0200"
    },
    "done": true
  },
  "lootr:50loot": {
    "criteria": {
      "loot_stat": "2024-06-14 18:16:50 +0200"
    },
    "done": true
  },
  "comforts:hammock_pink": {
    "criteria": {
      "has_the_recipe": "2024-06-08 18:28:20 +0200"
    },
    "done": true
  },
  "comforts:sleeping_bag_magenta": {
    "criteria": {
      "has_the_recipe": "2024-06-08 18:28:20 +0200"
    },
    "done": true
  },
  "minecraft:nether/explore_nether": {
    "criteria": {
      "minecraft:soul_sand_valley": "2024-06-15 17:16:03 +0200",
      "minecraft:basalt_deltas": "2024-06-15 17:13:52 +0200"
    },
    "done": false
  },
  "comforts:sleeping_bag_cyan_from_white": {
    "criteria": {
      "has_the_recipe": "2024-06-08 18:28:20 +0200"
    },
    "done": true
  },
  "vinery:grapevine_pot": {
    "criteria": {
      "has_the_recipe": "2024-06-08 18:28:20 +0200"
    },
    "done": true
  },
  "comforts:hammock_brown": {
    "criteria": {
      "has_the_recipe": "2024-06-08 18:28:20 +0200"
    },
    "done": true
  },
  "enigmaticlegacy:recipes/generic/animal_guidebook": {
    "criteria": {
      "has_items": "2024-06-09 22:52:32 +0200"
    },
    "done": true
  },
  "twilightforest:hill3": {
    "criteria": {
      "redcap": "2024-06-09 17:31:55 +0200"
    },
    "done": true
  },
  "immersive_armors:recipes/misc/warrior": {
    "criteria": {
      "has_item": "2024-06-08 18:54:40 +0200"
    },
    "done": true
  },
  "incendium:root": {
    "criteria": {
      "requirement": "2024-06-15 17:09:42 +0200"
    },
    "done": true
  },
  "comforts:hammock_green": {
    "criteria": {
      "has_the_recipe": "2024-06-08 18:28:20 +0200"
    },
    "done": true
  },
  "minecraft:story/smelt_iron": {
    "criteria": {
      "iron": "2024-06-09 14:19:04 +0200"
    },
    "done": true
  },
  "meetyourfight:main/root": {
    "criteria": {
      "killed_something": "2024-06-08 18:30:48 +0200"
    },
    "done": true
  },
  "morevillagers:first_workstation_get": {
    "criteria": {
      "lectern": "2024-06-09 22:30:00 +0200"
    },
    "done": true
  },
  "majruszsaccessories:adventurer_kit": {
    "criteria": {
      "picked_up_accessory": "2024-06-14 18:26:32 +0200"
    },
    "done": true
  },
  "repurposed_structures:root": {
    "criteria": {
      "always": "2024-06-08 18:28:21 +0200"
    },
    "done": true
  },
  "vinery:cherry_fence_gate": {
    "criteria": {
      "has_the_recipe": "2024-06-08 18:28:20 +0200"
    },
    "done": true
  },
  "DataVersion": 3120
}